"Id","Position","First Name","Nickname","Last Name","FPPG","Played","Salary","Game","Team","Opponent","Injury Indicator","Injury Details","",""
"16937-6498","QB","Tom","","Brady","23.5","5","9300","NE@SF","NE","SF","","","",""
"16937-28181","RB","Le'Veon","","Bell","19.3000005086263","6","9100","PIT@CLE","PIT","CLE","","","",""
"16937-6894","QB","Aaron","","Rodgers","23.77777777777778","9","9100","GB@WAS","GB","WAS","","","",""
"16937-31360","WR","Odell","","Beckham Jr.","14.699999809265137","8","9000","CHI@NYG","NYG","CHI","","","",""
"16937-11612","WR","Antonio","","Brown","17.833333333333332","9","8900","PIT@CLE","PIT","CLE","","","",""
"16937-38791","RB","Ezekiel","","Elliott","21.38888888888889","9","8700","BAL@DAL","DAL","BAL","","","",""
"16937-14185","QB","Cam","","Newton","20.607500076293945","8","8500","NO@CAR","CAR","NO","","","",""
"16937-14254","RB","DeMarco","","Murray","19.980000305175782","10","8500","TEN@IND","TEN","IND","","","",""
"16937-6589","QB","Ben","","Roethlisberger","21.934999465942383","8","8400","PIT@CLE","PIT","CLE","","","",""
"16937-11460","TE","Rob","","Gronkowski","12.071428571428571","7","8400","NE@SF","NE","SF","Q","Chest","",""
"16937-6504","QB","Drew","","Brees","23.83111063639323","9","8300","NO@CAR","NO","CAR","","","",""
"16937-62497","RB","David","","Johnson","22.144444783528645","9","8300","ARI@MIN","ARI","MIN","","","",""
"16937-14187","WR","A.J.","","Green","17.137500762939453","8","8200","BUF@CIN","CIN","BUF","","","",""
"16937-21939","QB","Andrew","","Luck","20.88888888888889","9","8100","TEN@IND","IND","TEN","","","",""
"16937-29358","QB","Marcus","","Mariota","20.358000183105467","10","8000","TEN@IND","TEN","IND","","","",""
"16937-32384","WR","Mike","","Evans","17.844445122612846","9","8000","TB@KC","TB","KC","","","",""
"16937-6654","QB","Matthew","","Stafford","19.391111585828995","9","7900","JAC@DET","DET","JAC","","","",""
"16937-22031","WR","T.Y.","","Hilton","14.344445122612846","9","7900","TEN@IND","IND","TEN","","","",""
"16937-45859","QB","Derek","","Carr","19.288889567057293","9","7800","HOU@OAK","OAK","HOU","","","",""
"16937-6893","WR","Jordy","","Nelson","14.944444444444445","9","7800","GB@WAS","GB","WAS","","","",""
"16937-31459","RB","Spencer","","Ware","13.949999809265137","8","7700","TB@KC","KC","TB","","","",""
"16937-31001","WR","Amari","","Cooper","14.366667005750868","9","7700","HOU@OAK","OAK","HOU","","","",""
"16937-6826","QB","Eli","","Manning","15.592499732971191","8","7700","CHI@NYG","NYG","CHI","","","",""
"16937-45889","WR","Davante","","Adams","13.455555386013454","9","7600","GB@WAS","GB","WAS","","","",""
"16937-46882","RB","Jay","","Ajayi","14.925000190734863","8","7600","MIA@LA","MIA","LA","","","",""
"16937-22038","QB","Kirk","","Cousins","18.43777804904514","9","7600","GB@WAS","WAS","GB","","","",""
"16937-14225","QB","Andy","","Dalton","18.545000076293945","8","7500","BUF@CIN","CIN","BUF","","","",""
"16937-31716","QB","Dak","","Prescott","19.784444173177082","9","7500","BAL@DAL","DAL","BAL","","","",""
"16937-24849","QB","Jameis","","Winston","19.06222195095486","9","7500","TB@KC","TB","KC","","","",""
"16937-6779","RB","LeSean","","McCoy","16.9375","8","7500","BUF@CIN","BUF","CIN","","","",""
"16937-22015","QB","Russell","","Wilson","16.23111131456163","9","7400","PHI@SEA","SEA","PHI","","","",""
"16937-29501","WR","Brandin","","Cooks","14.366667005750868","9","7400","NO@CAR","NO","CAR","","","",""
"16937-11435","WR","Dez","","Bryant","11.466667175292969","6","7400","BAL@DAL","DAL","BAL","","","",""
"16937-6748","QB","Carson","","Palmer","16.270000457763672","8","7400","ARI@MIN","ARI","MIN","","","",""
"16937-11779","RB","LeGarrette","","Blount","15.988888210720486","9","7300","NE@SF","NE","SF","","","",""
"16937-28643","WR","Allen","","Robinson","12.322222391764322","9","7300","JAC@DET","JAC","DET","","","",""
"16937-14377","QB","Tyrod","","Taylor","18.884445190429688","9","7300","BUF@CIN","BUF","CIN","","","",""
"16937-15212","WR","Terrelle","","Pryor Sr.","12.394000244140624","10","7200","PIT@CLE","CLE","PIT","","","",""
"16937-34308","QB","Blake","","Bortles","19.426666259765625","9","7200","JAC@DET","JAC","DET","","","",""
"16937-16606","WR","DeAndre","","Hopkins","9.855555216471354","9","7100","HOU@OAK","HOU","OAK","","","",""
"16937-6914","TE","Greg","","Olsen","12.911110772026909","9","7100","NO@CAR","CAR","NO","","","",""
"16937-6714","QB","Joe","","Flacco","15.473332722981771","9","7100","BAL@DAL","BAL","DAL","","","",""
"16937-24929","WR","Kelvin","","Benjamin","11.799999660915798","9","7100","NO@CAR","CAR","NO","","","",""
"16937-22037","RB","Lamar","","Miller","12.600000169542101","9","7100","HOU@OAK","HOU","OAK","","","",""
"16937-14231","QB","Colin","","Kaepernick","20.079999923706055","4","7000","NE@SF","SF","NE","","","",""
"16937-6883","WR","Larry","","Fitzgerald","14.799999660915798","9","7000","ARI@MIN","ARI","MIN","Q","Knee","",""
"16937-6733","RB","Jonathan","","Stewart","10.016666412353516","6","7000","NO@CAR","CAR","NO","","","",""
"16937-21980","WR","Alshon","","Jeffery","9.88888888888889","9","6900","CHI@NYG","CHI","NYG","O","Suspension","",""
"16937-21948","QB","Ryan","","Tannehill","14.53111097547743","9","6900","MIA@LA","MIA","LA","","","",""
"16937-30298","TE","Jordan","","Reed","12.228571210588727","7","6900","GB@WAS","WAS","GB","","","",""
"16937-31394","WR","Jarvis","","Landry","11.233333163791233","9","6900","MIA@LA","MIA","LA","","","",""
"16937-6535","WR","Kenny","","Britt","11.922222561306423","9","6800","MIA@LA","LA","MIA","","","",""
"16937-6607","WR","Mike","","Wallace","12.966666327582466","9","6800","BAL@DAL","BAL","DAL","","","",""
"16937-25079","WR","Stefon","","Diggs","14.3125","8","6800","ARI@MIN","MIN","ARI","","","",""
"16937-6898","QB","Jay","","Cutler","9.595000267028809","4","6800","CHI@NYG","CHI","NYG","","","",""
"16937-42142","RB","Jordan","","Howard","12.899999618530273","8","6800","CHI@NYG","CHI","NYG","Q","Ankle","",""
"16937-30447","RB","Todd","","Gurley","11.188888549804688","9","6700","MIA@LA","LA","MIA","","","",""
"16937-44449","WR","Willie","","Snead","12.149999618530273","8","6700","NO@CAR","NO","CAR","","","",""
"16937-8005","QB","Alex","","Smith","13.755000114440918","8","6700","TB@KC","KC","TB","","","",""
"16937-14626","WR","Doug","","Baldwin","13.055555555555555","9","6700","PHI@SEA","SEA","PHI","","","",""
"16937-33465","RB","Theo","","Riddick","14.928571428571429","7","6700","JAC@DET","DET","JAC","","","",""
"16937-32418","RB","Christine","","Michael","11.833333333333334","9","6600","PHI@SEA","SEA","PHI","","","",""
"16937-11414","QB","Sam","","Bradford","14.960000038146973","8","6600","ARI@MIN","MIN","ARI","","","",""
"16937-11485","WR","Golden","","Tate","10.022221883138021","9","6600","JAC@DET","DET","JAC","","","",""
"16937-9392","WR","Michael","","Crabtree","13.566666497124565","9","6600","HOU@OAK","OAK","HOU","","","",""
"16937-31561","WR","Donte","","Moncrief","10.449999809265137","4","6500","TEN@IND","IND","TEN","","","",""
"16937-21970","RB","Doug","","Martin","8.5","3","6500","TB@KC","TB","KC","","","",""
"16937-6639","QB","Tony","","Romo","11.914999961853027","4","6500","BAL@DAL","DAL","BAL","Q","Back","",""
"16937-29587","QB","Cody","","Kessler","10.605713980538505","7","6500","PIT@CLE","CLE","PIT","","","",""
"16937-14257","WR","Randall","","Cobb","10.887499809265137","8","6500","GB@WAS","GB","WAS","","","",""
"16937-28473","RB","Carlos","","Hyde","13.342857360839844","7","6500","NE@SF","SF","NE","","","",""
"16937-28573","WR","Michael","","Thomas","12.533333672417534","9","6500","NO@CAR","NO","CAR","","","",""
"16937-11512","TE","Jimmy","","Graham","10.700000339084202","9","6500","PHI@SEA","SEA","PHI","","","",""
"16937-6803","QB","Josh","","McCown","12.466667175292969","3","6500","PIT@CLE","CLE","PIT","","","",""
"16937-22103","WR","Marvin","","Jones Jr.","12.100000169542101","9","6500","JAC@DET","DET","JAC","","","",""
"16937-21994","QB","Brock","","Osweiler","12.524444580078125","9","6400","HOU@OAK","HOU","OAK","","","",""
"16937-22994","QB","Case","","Keenum","13.428888956705729","9","6400","MIA@LA","LA","MIA","","","",""
"16937-7283","WR","Jeremy","","Maclin","8.0625","8","6400","TB@KC","KC","TB","Q","Groin","",""
"16937-22288","WR","Cole","","Beasley","11.322222391764322","9","6400","BAL@DAL","DAL","BAL","","","",""
"16937-6863","TE","Delanie","","Walker","12.044444613986546","9","6400","TEN@IND","TEN","IND","","","",""
"16937-34331","RB","Latavius","","Murray","15.228571210588727","7","6400","HOU@OAK","OAK","HOU","","","",""
"16937-14336","RB","Jacquizz","","Rodgers","9.266666412353516","6","6400","TB@KC","TB","KC","Q","Foot","",""
"16937-70324","QB","Carson","","Wentz","13.16000027126736","9","6300","PHI@SEA","PHI","SEA","","","",""
"16937-33557","TE","Tyler","","Eifert","11.050000190734863","2","6300","BUF@CIN","CIN","BUF","","","",""
"16937-24755","WR","Jamison","","Crowder","12.366667005750868","9","6300","GB@WAS","WAS","GB","","","",""
"16937-6840","RB","Frank","","Gore","14.022221883138021","9","6300","TEN@IND","IND","TEN","","","",""
"16937-54684","RB","Isaiah","","Crowell","11.9","10","6200","PIT@CLE","CLE","PIT","","","",""
"16937-54607","RB","Terrance","","West","9.188888549804688","9","6200","BAL@DAL","BAL","DAL","","","",""
"16937-22027","QB","Nick","","Foles","14","2","6200","TB@KC","KC","TB","","","",""
"16937-33076","TE","Travis","","Kelce","9.733333163791233","9","6100","TB@KC","KC","TB","","","",""
"16937-14211","RB","Mark","","Ingram","12.633332994249132","9","6100","NO@CAR","NO","CAR","","","",""
"16937-42028","WR","Will","","Fuller","9.67142813546317","7","6100","HOU@OAK","HOU","OAK","Q","Knee","",""
"16937-7859","WR","Julian","","Edelman","8.399999830457899","9","6100","NE@SF","NE","SF","","","",""
"16937-32514","QB","Trevone","","Boykin","5.400000095367432","1","6000","PHI@SEA","SEA","PHI","","","",""
"16937-25290","RB","Giovani","","Bernard","11.137499809265137","8","6000","BUF@CIN","CIN","BUF","","","",""
"16937-21959","QB","Brandon","","Weeden","11.403333028157553","6","6000","HOU@OAK","HOU","OAK","","","",""
"16937-14194","QB","Blaine","","Gabbert","15.539999389648438","5","6000","NE@SF","SF","NE","","","",""
"16937-29605","QB","Matt","","Barkley","1.1399999856948853","1","6000","CHI@NYG","CHI","NYG","","","",""
"16937-14267","QB","Ryan","","Mallett","0.029999999329447746","2","6000","BAL@DAL","BAL","DAL","","","",""
"16937-27405","QB","Landry","","Jones","3.484999895095825","4","6000","PIT@CLE","PIT","CLE","","","",""
"16937-30231","QB","Jacoby","","Brissett","9.433333079020182","3","6000","NE@SF","NE","SF","IR","Thumb","",""
"16937-25410","QB","Mike","","Glennon","9","1","6000","TB@KC","TB","KC","","","",""
"16937-54604","QB","Jimmy","","Garoppolo","8.859999656677246","4","6000","NE@SF","NE","SF","","","",""
"16937-38435","QB","Jared","","Goff","0","0","6000","MIA@LA","LA","MIA","","","",""
"16937-14704","WR","Chris","","Hogan","6.533333248562283","9","6000","NE@SF","NE","SF","","","",""
"16937-7970","QB","Charlie","","Whitehurst","10.380000114440918","1","6000","PIT@CLE","CLE","PIT","","","",""
"16937-7872","QB","Brian","","Hoyer","13.266666412353516","6","6000","CHI@NYG","CHI","NYG","IR","Forearm","",""
"16937-6844","QB","Shaun","","Hill","10.239999771118164","1","6000","ARI@MIN","MIN","ARI","","","",""
"16937-6828","RB","Tim","","Hightower","4.911111195882161","9","6000","NO@CAR","NO","CAR","","","",""
"16937-22163","WR","Rishard","","Matthews","10.230000305175782","10","6000","TEN@IND","TEN","IND","","","",""
"16937-7744","QB","Drew","","Stanton","3.265000104904175","4","6000","ARI@MIN","ARI","MIN","","","",""
"16937-7778","QB","Matt","","Cassel","0.25","2","6000","TEN@IND","TEN","IND","","","",""
"16937-29715","QB","Kevin","","Hogan","6.21999994913737","3","6000","PIT@CLE","CLE","PIT","","","",""
"16937-6739","WR","DeSean","","Jackson","7.824999809265137","8","6000","GB@WAS","WAS","GB","D","Shoulder","",""
"16937-14317","TE","Julius","","Thomas","8.050000190734863","8","5900","JAC@DET","JAC","DET","","","",""
"16937-27457","WR","Kenny","","Stills","7.888888888888889","9","5900","MIA@LA","MIA","LA","","","",""
"16937-27477","WR","Sterling","","Shepard","9.175000190734863","8","5900","CHI@NYG","NYG","CHI","","","",""
"16937-54606","WR","John","","Brown","7.5","8","5900","ARI@MIN","ARI","MIN","","","",""
"16937-31397","RB","Jeremy","","Hill","11.387499809265137","8","5900","BUF@CIN","CIN","BUF","","","",""
"16937-31047","QB","AJ","","McCarron","8.17999976021903","7","5900","BUF@CIN","CIN","BUF","","","",""
"16937-28930","RB","James","","White","8.299999660915798","9","5900","NE@SF","NE","SF","","","",""
"16937-39716","WR","Adam","","Thielen","8.266666836208767","9","5900","ARI@MIN","MIN","ARI","","","",""
"16937-34154","WR","J.J.","","Nelson","6.5","7","5800","ARI@MIN","ARI","MIN","","","",""
"16937-33260","WR","DeVante","","Parker","7.699999809265137","8","5800","MIA@LA","MIA","LA","","","",""
"16937-14757","RB","Matt","","Asiata","7.333333333333333","9","5800","ARI@MIN","MIN","ARI","","","",""
"16937-24641","WR","Sammy","","Watkins","4.650000095367432","2","5800","BUF@CIN","BUF","CIN","IR","Foot","",""
"16937-30837","WR","Jordan","","Matthews","11.11111111111111","9","5800","PHI@SEA","PHI","SEA","","","",""
"16937-21971","TE","Coby","","Fleener","7.966666327582465","9","5700","NO@CAR","NO","CAR","","","",""
"16937-6774","WR","Pierre","","Garcon","8.299999660915798","9","5700","GB@WAS","WAS","GB","","","",""
"16937-54782","TE","Cameron","","Brate","9.444444444444445","9","5600","TB@KC","TB","KC","","","",""
"16937-30237","RB","Mike","","Gillislee","7.0444446139865455","9","5600","BUF@CIN","BUF","CIN","","","",""
"16937-8052","RB","Rashad","","Jennings","7.219999694824219","5","5600","CHI@NYG","NYG","CHI","","","",""
"16937-62538","WR","Cameron","","Meredith","8.742857251848493","7","5600","CHI@NYG","CHI","NYG","","","",""
"16937-6641","TE","Jason","","Witten","9.144444783528646","9","5500","BAL@DAL","DAL","BAL","","","",""
"16937-33244","WR","Eli","","Rogers","8.583333333333334","6","5500","PIT@CLE","PIT","CLE","","","",""
"16937-11425","RB","Ryan","","Mathews","11.166666666666666","9","5500","PHI@SEA","PHI","SEA","","","",""
"16937-11500","QB","Colt","","McCoy","8.819999694824219","1","5500","GB@WAS","WAS","GB","","","",""
"16937-8050","TE","Zach","","Miller","9.166666666666666","9","5500","CHI@NYG","CHI","NYG","","","",""
"16937-6808","QB","Matt","","Moore","0.36000001430511475","1","5500","MIA@LA","MIA","LA","","","",""
"16937-7844","QB","Chad","","Henne","0","0","5500","JAC@DET","JAC","DET","","","",""
"16937-11609","RB","James","","Starks","4.820000076293946","5","5500","GB@WAS","GB","WAS","","","",""
"16937-6735","WR","Steve","","Smith Sr.","10.528570992606026","7","5500","BAL@DAL","BAL","DAL","","","",""
"16937-28677","QB","Matt","","McGloin","5.340000152587891","2","5500","HOU@OAK","OAK","HOU","","","",""
"16937-29685","WR","Robert","","Woods","8.912500381469727","8","5400","BUF@CIN","BUF","CIN","","","",""
"16937-25272","TE","Eric","","Ebron","10.016666412353516","6","5400","JAC@DET","DET","JAC","","","",""
"16937-31732","WR","Corey","","Coleman","10.399999618530273","4","5400","PIT@CLE","CLE","PIT","","","",""
"16937-11864","RB","Chris","","Ivory","5.471428462437221","7","5400","JAC@DET","JAC","DET","","","",""
"16937-53681","WR","Tyreek","","Hill","8.666666666666666","9","5400","TB@KC","KC","TB","","","",""
"16937-54687","RB","Charcandrick","","West","4.537499904632568","8","5400","TB@KC","KC","TB","","","",""
"16937-54608","RB","Jerick","","McKinnon","5.275000095367432","8","5400","ARI@MIN","MIN","ARI","","","",""
"16937-31406","RB","Alfred","","Blue","2.3777777353922525","9","5400","HOU@OAK","HOU","OAK","","","",""
"16937-25760","WR","Allen","","Hurns","8.233333163791233","9","5400","JAC@DET","JAC","DET","","","",""
"16937-31061","RB","T.J.","","Yeldon","8.288888719346788","9","5400","JAC@DET","JAC","DET","","","",""
"16937-33766","RB","Rob","","Kelley","5.942856924874442","7","5400","GB@WAS","WAS","GB","","","",""
"16937-22004","TE","Dwayne","","Allen","6.314285823277065","7","5300","TEN@IND","IND","TEN","","","",""
"16937-30244","RB","Matt","","Jones","10.185714721679688","7","5300","GB@WAS","WAS","GB","","","",""
"16937-11495","WR","Brandon","","LaFell","9.449999809265137","8","5300","BUF@CIN","CIN","BUF","","","",""
"16937-24671","WR","Adam","","Humphries","7.255555894639757","9","5300","TB@KC","TB","KC","","","",""
"16937-32243","WR","Marquise","","Goodwin","8.014285496303014","7","5300","BUF@CIN","BUF","CIN","","","",""
"16937-14643","RB","DuJuan","","Harris","9.59999974568685","3","5300","NE@SF","SF","NE","","","",""
"16937-7972","RB","Darren","","Sproles","9.188888549804688","9","5300","PHI@SEA","PHI","SEA","","","",""
"16937-31836","WR","Terrance","","Williams","6.5625","8","5300","BAL@DAL","DAL","BAL","","","",""
"16937-30733","WR","Cordarrelle","","Patterson","6.011110941569011","9","5300","ARI@MIN","MIN","ARI","","","",""
"16937-14349","WR","Jeremy","","Kerley","8.711111280653212","9","5300","NE@SF","SF","NE","","","",""
"16937-52560","WR","Geronimo","","Allison","3.7666667302449546","3","5200","GB@WAS","GB","WAS","","","",""
"16937-29683","WR","Nelson","","Agholor","5.155555725097656","9","5200","PHI@SEA","PHI","SEA","","","",""
"16937-6643","RB","Reggie","","Bush","2.866666793823242","6","5200","BUF@CIN","BUF","CIN","","","",""
"16937-14198","QB","Christian","","Ponder","0","0","5200","NE@SF","SF","NE","","","",""
"16937-6448","TE","Martellus","","Bennett","10.444444444444445","9","5200","NE@SF","NE","SF","","","",""
"16937-6479","WR","Anquan","","Boldin","8.455555386013454","9","5200","JAC@DET","DET","JAC","","","",""
"16937-12550","D","Seattle","","Seahawks","8.666666666666666","9","5200","PHI@SEA","SEA","PHI","","","",""
"16937-29734","RB","Ty","","Montgomery","5.574999809265137","8","5200","GB@WAS","GB","WAS","","","",""
"16937-28080","WR","Devin","","Funchess","6.300000190734863","8","5200","NO@CAR","CAR","NO","","","",""
"16937-6768","WR","Eddie","","Royal","9.885713849748884","7","5200","CHI@NYG","CHI","NYG","","","",""
"16937-6627","WR","Ted","","Ginn Jr.","5.222222222222222","9","5100","NO@CAR","CAR","NO","","","",""
"16937-34295","WR","Breshad","","Perriman","4.911111195882161","9","5100","BAL@DAL","BAL","DAL","","","",""
"16937-14952","K","Dan","","Bailey","9.777777777777779","9","5100","BAL@DAL","DAL","BAL","","","",""
"16937-26458","WR","Tavon","","Austin","8.033333672417534","9","5100","MIA@LA","LA","MIA","","","",""
"16937-12546","D","Arizona","","Cardinals","9.555555555555555","9","5100","ARI@MIN","ARI","MIN","","","",""
"16937-27908","TE","C.J.","","Fiedorowicz","7","9","5100","HOU@OAK","HOU","OAK","","","",""
"16937-47523","WR","Tajae","","Sharpe","5.959999847412109","10","5100","TEN@IND","TEN","IND","","","",""
"16937-40857","RB","Peyton","","Barber","5.279999923706055","5","5100","TB@KC","TB","KC","","","",""
"16937-28095","RB","Thomas","","Rawls","4.800000190734863","2","5100","PHI@SEA","SEA","PHI","Q","Lower leg","",""
"16937-24891","RB","Chris","","Thompson","7.822222391764323","9","5100","GB@WAS","WAS","GB","","","",""
"16937-8803","QB","Chase","","Daniel","-0.019999999552965164","2","5000","PHI@SEA","PHI","SEA","","","",""
"16937-70446","QB","Joe","","Callahan","0","0","5000","PIT@CLE","CLE","PIT","","","",""
"16937-30652","WR","Tanner","","McEvoy","3.22400016784668","5","5000","PHI@SEA","SEA","PHI","","","",""
"16937-28163","QB","Connor","","Cook","0","0","5000","HOU@OAK","OAK","HOU","","","",""
"16937-70464","QB","Josh","","Woodrum","0","0","5000","TEN@IND","IND","TEN","","","",""
"16937-47772","QB","Brandon","","Doughty","0","0","5000","MIA@LA","MIA","LA","","","",""
"16937-43956","QB","David","","Fales","0","0","5000","BAL@DAL","BAL","DAL","","","",""
"16937-26355","QB","Logan","","Thomas","0","0","5000","CHI@NYG","NYG","CHI","","","",""
"16937-45797","QB","Garrett","","Grayson","0","1","5000","NO@CAR","NO","CAR","","","",""
"16937-26141","QB","Ryan","","Nassib","6.71999979019165","1","5000","CHI@NYG","NYG","CHI","","","",""
"16937-29445","QB","Sean","","Mannion","1.2400000095367432","1","5000","MIA@LA","LA","MIA","","","",""
"16937-53331","QB","Taylor","","Heinicke","0","0","5000","ARI@MIN","MIN","ARI","","","",""
"16937-54741","WR","Seth","","Roberts","7.133332994249132","9","5000","HOU@OAK","OAK","HOU","","","",""
"16937-54705","QB","Dustin","","Vaughan","0","0","5000","PIT@CLE","PIT","CLE","","","",""
"16937-28515","QB","Cardale","","Jones","0","0","5000","BUF@CIN","BUF","CIN","","","",""
"16937-31241","WR","Sammie","","Coates","7.222222222222222","9","5000","PIT@CLE","PIT","CLE","","","",""
"16937-6373","QB","Derek","","Anderson","7.506666819254558","3","5000","NO@CAR","CAR","NO","","","",""
"16937-32366","QB","Jameill","","Showers","0","0","5000","BAL@DAL","DAL","BAL","","","",""
"16937-30253","QB","Jeff","","Driskel","0","0","5000","BUF@CIN","CIN","BUF","NA","Coach's decision","",""
"16937-31421","QB","Zach","","Mettenberger","7.028571537562779","7","5000","PIT@CLE","PIT","CLE","","","",""
"16937-33578","RB","Jalen","","Richard","6.1333334181043835","9","5000","HOU@OAK","OAK","HOU","","","",""
"16937-8071","QB","Dan","","Orlovsky","5.519999980926514","2","5000","JAC@DET","DET","JAC","","","",""
"16937-44500","QB","Keith","","Wenning","0","0","5000","BUF@CIN","CIN","BUF","","","",""
"16937-25837","RB","Duke","","Johnson Jr.","8.2","10","5000","PIT@CLE","CLE","PIT","","","",""
"16937-14696","QB","Scott","","Tolzien","-0.07000000029802322","2","5000","TEN@IND","IND","TEN","","","",""
"16937-27801","QB","Nate","","Sudfeld","0","0","5000","GB@WAS","WAS","GB","","","",""
"16937-33702","QB","Ryan","","Griffin","0","0","5000","TB@KC","TB","KC","","","",""
"16937-8023","QB","Josh","","Johnson","0","0","5000","CHI@NYG","NYG","CHI","NA","Coach's decision","",""
"16937-26877","QB","Jake","","Heaps","0","0","5000","PHI@SEA","SEA","PHI","","","",""
"16937-31170","QB","Brandon","","Allen","0","0","5000","JAC@DET","JAC","DET","","","",""
"16937-8051","QB","Luke","","McCown","6.199999809265137","2","5000","NO@CAR","NO","CAR","","","",""
"16937-70127","QB","Griffin","","Neal","0","0","5000","NO@CAR","NO","CAR","","","",""
"16937-23045","K","Justin","","Tucker","10.666666666666666","9","5000","BAL@DAL","BAL","DAL","","","",""
"16937-23075","QB","Alex","","Tanney","7.960000038146973","1","5000","TEN@IND","TEN","IND","","","",""
"16937-39859","TE","Jack","","Doyle","8.877777947319878","9","5000","TEN@IND","IND","TEN","","","",""
"16937-30788","QB","Tyler","","Bray","0","0","5000","TB@KC","KC","TB","","","",""
"16937-30775","WR","Justin","","Hunter","5.6200000762939455","5","5000","BUF@CIN","BUF","CIN","","","",""
"16937-27982","QB","Jake","","Rudock","0","0","5000","JAC@DET","DET","JAC","","","",""
"16937-29915","QB","Brett","","Hundley","0.3199999928474426","1","5000","GB@WAS","GB","WAS","","","",""
"16937-6687","QB","Mark","","Sanchez","0.11999999731779099","1","5000","BAL@DAL","DAL","BAL","","","",""
"16937-12536","D","Kansas City","","Chiefs","10.777777777777779","9","5000","TB@KC","KC","TB","","","",""
"16937-6668","K","Adam","","Vinatieri","10.777777777777779","9","5000","TEN@IND","IND","TEN","","","",""
"16937-24949","QB","EJ","","Manuel","1.6999999682108562","3","5000","BUF@CIN","BUF","CIN","","","",""
"16937-11615","QB","Joe","","Webb","0.26666667064030963","3","5000","NO@CAR","CAR","NO","","","",""
"16937-27050","WR","Tyler","","Lockett","4.511110941569011","9","5000","PHI@SEA","SEA","PHI","","","",""
"16937-25969","QB","Tom","","Savage","0","0","5000","HOU@OAK","HOU","OAK","","","",""
"16937-34459","QB","B.J.","","Daniels","0.9200000166893005","4","5000","CHI@NYG","CHI","NYG","","","",""
"16937-27229","RB","Ameer","","Abdullah","12.149999618530273","2","4900","JAC@DET","DET","JAC","IR","Foot","",""
"16937-21952","WR","Michael","","Floyd","8.225000381469727","8","4900","ARI@MIN","ARI","MIN","Q","Neck","",""
"16937-11999","WR","Victor","","Cruz","6.775000095367432","8","4900","CHI@NYG","NYG","CHI","NA","Ankle","",""
"16937-14237","TE","Kyle","","Rudolph","9.744444105360243","9","4900","ARI@MIN","MIN","ARI","","","",""
"16937-14240","TE","Lance","","Kendricks","6.177777608235677","9","4900","MIA@LA","LA","MIA","","","",""
"16937-14288","WR","Torrey","","Smith","4.977777693006727","9","4900","NE@SF","SF","NE","","","",""
"16937-28486","WR","Corey","","Brown","3.7111112806532116","9","4900","NO@CAR","CAR","NO","","","",""
"16937-39280","RB","Derrick","","Henry","5.155555725097656","9","4900","TEN@IND","TEN","IND","","","",""
"16937-14905","WR","Kamar","","Aiken","2.788888931274414","9","4900","BAL@DAL","BAL","DAL","","","",""
"16937-12547","D","Pittsburgh","","Steelers","4.111111111111111","9","4900","PIT@CLE","PIT","CLE","","","",""
"16937-33714","K","Cairo","","Santos","10.333333333333334","9","4900","TB@KC","KC","TB","","","",""
"16937-7900","K","Stephen","","Gostkowski","7.666666666666667","9","4900","NE@SF","NE","SF","","","",""
"16937-10744","K","Graham","","Gano","8.444444444444445","9","4900","NO@CAR","CAR","NO","","","",""
"16937-12541","D","New England","","Patriots","6.222222222222222","9","4900","NE@SF","NE","SF","","","",""
"16937-6704","WR","Percy","","Harvin","8.080000305175782","5","4900","BUF@CIN","BUF","CIN","","","",""
"16937-33472","RB","C.J.","","Prosise","7.480000305175781","5","4900","PHI@SEA","SEA","PHI","","","",""
"16937-14339","RB","Dion","","Lewis","14.599999564034599","7","4900","NE@SF","NE","SF","","","",""
"16937-28202","RB","Jeremy","","Langford","6.6","5","4800","CHI@NYG","CHI","NYG","","","",""
"16937-29593","WR","Marqise","","Lee","7.5444446139865455","9","4800","JAC@DET","JAC","DET","","","",""
"16937-32613","RB","DeAndre","","Washington","4.655555725097656","9","4800","HOU@OAK","OAK","HOU","","","",""
"16937-29500","WR","Markus","","Wheaton","5.033333460489909","3","4800","PIT@CLE","PIT","CLE","Q","Shoulder","",""
"16937-30403","WR","Chris","","Conley","5.122222052680121","9","4800","TB@KC","KC","TB","","","",""
"16937-43413","RB","Kenneth","","Dixon","3.1799999237060548","5","4800","BAL@DAL","BAL","DAL","","","",""
"16937-48344","WR","Albert","","Wilson","4.442857197352818","7","4800","TB@KC","KC","TB","","","",""
"16937-22433","TE","Dominique","","Jones","3.5999999046325684","4","4800","MIA@LA","MIA","LA","","","",""
"16937-24912","K","Dustin","","Hopkins","10.555555555555555","9","4800","GB@WAS","WAS","GB","","","",""
"16937-11532","TE","Dennis","","Pitta","6.722222222222222","9","4800","BAL@DAL","BAL","DAL","","","",""
"16937-12539","D","Miami","","Dolphins","8","9","4800","MIA@LA","MIA","LA","","","",""
"16937-7784","WR","Darrius","","Heyward-Bey","5.549999872843425","6","4800","PIT@CLE","PIT","CLE","Q","Foot","",""
"16937-27134","WR","Dorial","","Green-Beckham","4.300000190734863","8","4800","PHI@SEA","PHI","SEA","","","",""
"16937-6724","K","Steven","","Hauschka","9","9","4800","PHI@SEA","SEA","PHI","","","",""
"16937-14362","TE","Charles","","Clay","4.755555470784505","9","4800","BUF@CIN","BUF","CIN","","","",""
"16937-28694","TE","Jesse","","James","6.122222052680121","9","4800","PIT@CLE","PIT","CLE","","","",""
"16937-21957","WR","Kendall","","Wright","8.914285932268415","7","4700","TEN@IND","TEN","IND","","","",""
"16937-30635","RB","Mike","","Davis","1.8571428571428572","7","4700","NE@SF","SF","NE","","","",""
"16937-6422","TE","Gary","","Barnidge","6.3900001525878904","10","4700","PIT@CLE","CLE","PIT","","","",""
"16937-27441","RB","Damien","","Williams","7.625","8","4700","MIA@LA","MIA","LA","","","",""
"16937-29357","RB","Kenjon","","Barner","3.3428570883614674","7","4700","PHI@SEA","PHI","SEA","","","",""
"16937-32045","TE","Vance","","McDonald","7.585714067731585","7","4700","NE@SF","SF","NE","","","",""
"16937-31073","RB","Knile","","Davis","1.0500000317891438","6","4700","TB@KC","KC","TB","","","",""
"16937-43504","RB","Don","","Jackson","1.0666666825612385","3","4700","GB@WAS","GB","WAS","","","",""
"16937-60745","K","Jason","","Myers","7.222222222222222","9","4700","JAC@DET","JAC","DET","","","",""
"16937-25813","WR","Phillip","","Dorsett","5.962500095367432","8","4700","TEN@IND","IND","TEN","","","",""
"16937-39445","WR","Brice","","Butler","3.75","8","4700","BAL@DAL","DAL","BAL","","","",""
"16937-41370","WR","Trevor","","Davis","0.987500011920929","8","4700","GB@WAS","GB","WAS","","","",""
"16937-6897","K","Mason","","Crosby","8.333333333333334","9","4700","GB@WAS","GB","WAS","","","",""
"16937-12543","D","New York","","Giants","6.625","8","4700","CHI@NYG","NYG","CHI","","","",""
"16937-12538","D","Los Angeles","","Rams","7.777777777777778","9","4700","MIA@LA","LA","MIA","","","",""
"16937-29780","TE","Zach","","Ertz","6.385714394705636","7","4700","PHI@SEA","PHI","SEA","","","",""
"16937-22003","RB","Ronnie","","Hillman","2.5999999046325684","4","4600","ARI@MIN","MIN","ARI","","","",""
"16937-14245","RB","Shane","","Vereen","9.40000025431315","3","4600","CHI@NYG","NYG","CHI","IR","Triceps","",""
"16937-38269","RB","Cameron","","Artis-Payne","9.333333333333334","3","4600","NO@CAR","CAR","NO","","","",""
"16937-15006","RB","Shaun","","Draughn","3.942857197352818","7","4600","NE@SF","SF","NE","","","",""
"16937-29314","TE","Richard","","Rodgers","4.125","8","4600","GB@WAS","GB","WAS","","","",""
"16937-27411","RB","Aaron","","Ripkowski","1.9","5","4600","GB@WAS","GB","WAS","","","",""
"16937-12090","K","Nick","","Novak","9.875","8","4600","HOU@OAK","HOU","OAK","","","",""
"16937-54623","WR","Jeff","","Janis","3.0499998728434243","6","4600","GB@WAS","GB","WAS","","","",""
"16937-32058","K","Chris","","Boswell","6","9","4600","PIT@CLE","PIT","CLE","","","",""
"16937-25783","RB","Mike","","James","2.5999999046325684","2","4600","TB@KC","TB","KC","","","",""
"16937-39449","WR","Charles","","Johnson","1.7000000476837158","8","4600","ARI@MIN","MIN","ARI","","","",""
"16937-39427","WR","Quinton","","Patton","5.388888888888889","9","4600","NE@SF","SF","NE","","","",""
"16937-22219","WR","Jermaine","","Kearse","4.855555640326606","9","4600","PHI@SEA","SEA","PHI","","","",""
"16937-22258","RB","Travaris","","Cadet","3.3666665818956165","9","4600","NO@CAR","NO","CAR","Q","Toe","",""
"16937-7831","K","Sebastian","","Janikowski","9","9","4600","HOU@OAK","OAK","HOU","","","",""
"16937-11712","RB","Joique","","Bell","0.6000000238418579","1","4600","CHI@NYG","CHI","NYG","","","",""
"16937-26094","WR","Brandon","","Coleman","4.550000190734863","8","4600","NO@CAR","NO","CAR","","","",""
"16937-12532","D","Detroit","","Lions","5","9","4600","JAC@DET","DET","JAC","","","",""
"16937-22113","RB","Alfred","","Morris","3.8111110263400607","9","4600","BAL@DAL","DAL","BAL","","","",""
"16937-6782","K","Matt","","Prater","9","9","4600","JAC@DET","DET","JAC","","","",""
"16937-47828","RB","Antonio","","Andrews","0.5","3","4500","TEN@IND","TEN","IND","","","",""
"16937-29655","RB","Soma","","Vainuku","0","0","4500","HOU@OAK","HOU","OAK","","","",""
"16937-33047","WR","Chris","","Moore","1.037500023841858","8","4500","BAL@DAL","BAL","DAL","","","",""
"16937-6566","RB","Chris","","Johnson","3.875","4","4500","ARI@MIN","ARI","MIN","IR","Groin","",""
"16937-6567","TE","David","","Johnson","1.3000000317891438","6","4500","PIT@CLE","PIT","CLE","","","",""
"16937-21984","RB","Isaiah","","Pead","1.649999976158142","2","4500","MIA@LA","MIA","LA","","","",""
"16937-29645","RB","Javorius","","Allen","2.133333365122477","3","4500","BAL@DAL","BAL","DAL","","","",""
"16937-30598","TE","Busta","","Anderson","0","0","4500","CHI@NYG","CHI","NYG","","","",""
"16937-47861","TE","Mitchell","","Henry","0","2","4500","BAL@DAL","BAL","DAL","","","",""
"16937-43973","RB","Keith","","Smith","1","4","4500","BAL@DAL","DAL","BAL","","","",""
"16937-21972","WR","Brian","","Quick","8.122222052680122","9","4500","MIA@LA","LA","MIA","","","",""
"16937-70444","WR","Paul","","McRoberts","0","0","4500","MIA@LA","LA","MIA","","","",""
"16937-32551","WR","Kolby","","Listenbee","0","0","4500","BUF@CIN","BUF","CIN","O","Pelvis","",""
"16937-30654","TE","Jerell","","Adams","2.866666793823242","3","4500","CHI@NYG","NYG","CHI","","","",""
"16937-47870","TE","Tyler","","Higbee","1.0399999618530273","5","4500","MIA@LA","LA","MIA","","","",""
"16937-41806","WR","Laquon","","Treadwell","0.6666666666666666","3","4500","ARI@MIN","MIN","ARI","Q","Hamstring","",""
"16937-29672","RB","Silas","","Redd Jr.","0","0","4500","GB@WAS","WAS","GB","O","Suspension","",""
"16937-70457","TE","Cole","","Wick","0.9333333174387614","3","4500","JAC@DET","DET","JAC","IR","Knee","",""
"16937-32564","WR","Josh","","Doctson","3.799999952316284","2","4500","GB@WAS","WAS","GB","IR","Achilles","",""
"16937-6636","K","Mike","","Nugent","7.875","8","4500","BUF@CIN","CIN","BUF","","","",""
"16937-29592","TE","Xavier","","Grimble","2.971428462437221","7","4500","PIT@CLE","PIT","CLE","","","",""
"16937-30678","WR","Damiere","","Byrd","0","0","4500","NO@CAR","CAR","NO","","","",""
"16937-39153","TE","Ifeanyi","","Momah","2","3","4500","ARI@MIN","ARI","MIN","IR","Wrist","",""
"16937-34073","TE","Ryan","","Griffin","4.622222052680121","9","4500","HOU@OAK","HOU","OAK","","","",""
"16937-27199","RB","Marcus","","Murphy","0","1","4500","NO@CAR","NO","CAR","","","",""
"16937-6653","RB","Jerome","","Felton","0.7999999863760812","7","4500","BUF@CIN","BUF","CIN","","","",""
"16937-34051","WR","Deshon","","Foxx","0","0","4500","PHI@SEA","SEA","PHI","","","",""
"16937-22898","RB","Brandon","","Bolden","0.9666666984558105","3","4500","NE@SF","NE","SF","","","",""
"16937-29583","TE","Randall","","Telfer","0.06666666766007741","3","4500","PIT@CLE","CLE","PIT","","","",""
"16937-70489","TE","Ben","","Braunecker","1.2999999523162842","1","4500","CHI@NYG","CHI","NYG","","","",""
"16937-43961","RB","Tyler","","Ervin","0.1777777804268731","9","4500","HOU@OAK","HOU","OAK","","","",""
"16937-30667","TE","Justice","","Cunningham","0","2","4500","MIA@LA","LA","MIA","","","",""
"16937-22849","TE","Cory","","Harkey","0.8499999841054281","6","4500","MIA@LA","LA","MIA","","","",""
"16937-25225","WR","Quinshad","","Davis","0","0","4500","JAC@DET","DET","JAC","","","",""
"16937-29624","RB","Tre","","Madden","0","0","4500","PHI@SEA","SEA","PHI","IR","Undisclosed","",""
"16937-70501","RB","C.J.","","Ham","0","0","4500","ARI@MIN","MIN","ARI","","","",""
"16937-28249","RB","David","","Cobb","2.9857142312186107","7","4500","CHI@NYG","CHI","NYG","","","",""
"16937-31524","WR","Cody","","Core","0","0","4500","BUF@CIN","CIN","BUF","","","",""
"16937-28246","WR","Isaac","","Fruechte","0","0","4500","ARI@MIN","MIN","ARI","","","",""
"16937-70506","TE","Ryan","","O'Malley","0","0","4500","HOU@OAK","OAK","HOU","","","",""
"16937-6595","TE","Matt","","Spaeth","0.6666666666666666","3","4500","PIT@CLE","PIT","CLE","","","",""
"16937-32632","WR","Bradley","","Marquez","0.7400000095367432","5","4500","MIA@LA","LA","MIA","","","",""
"16937-28226","WR","Aaron","","Burbridge","0.25","4","4500","NE@SF","SF","NE","","","",""
"16937-72676","RB","Troymaine","","Pope","0.10000000149011612","1","4500","PHI@SEA","SEA","PHI","","","",""
"16937-22958","RB","Bobby","","Rainey","5.520000076293945","5","4500","CHI@NYG","NYG","CHI","","","",""
"16937-22959","WR","Deonte","","Thompson","0.11249999701976776","8","4500","CHI@NYG","CHI","NYG","","","",""
"16937-28346","TE","Maxx","","Williams","4.066666603088379","12","4500","BAL@DAL","BAL","DAL","IR","Knee","",""
"16937-15178","RB","Chase","","Reynolds","0","2","4500","MIA@LA","LA","MIA","","","",""
"16937-70557","WR","Jake","","Lampman","0","0","4500","NO@CAR","NO","CAR","","","",""
"16937-70553","WR","Kieran","","Duncan","0","0","4500","CHI@NYG","CHI","NYG","","","",""
"16937-31703","RB","Malcolm","","Johnson","1.0199999809265137","5","4500","PIT@CLE","CLE","PIT","","","",""
"16937-45791","WR","Rashard","","Higgins","1.0500000317891438","6","4500","PIT@CLE","CLE","PIT","","","",""
"16937-32674","TE","Jace","","Amaro","7.400000095367432","1","4500","TEN@IND","TEN","IND","","","",""
"16937-46767","TE","Je'Ron","","Hamm","0","1","4500","NE@SF","SF","NE","","","",""
"16937-28311","TE","MarQueis","","Gray","3.5999999046325684","4","4500","MIA@LA","MIA","LA","","","",""
"16937-22920","TE","Derek","","Carrier","2.600000034679066","11","4500","GB@WAS","WAS","GB","","","",""
"16937-34288","WR","Rannell","","Hall","0","1","4500","PIT@CLE","CLE","PIT","IR","Leg","",""
"16937-14266","RB","Daniel","","Thomas","0","0","4500","MIA@LA","MIA","LA","","","",""
"16937-45809","TE","Kivon","","Cartwright","0","0","4500","TB@KC","TB","KC","","","",""
"16937-41922","WR","Johnny","","Holton","1.2999999523162842","4","4500","HOU@OAK","OAK","HOU","","","",""
"16937-22938","WR","Rod","","Streater","1.3166666825612385","6","4500","NE@SF","SF","NE","","","",""
"16937-27338","RB","Rex","","Burkhead","1.350000023841858","4","4500","BUF@CIN","CIN","BUF","","","",""
"16937-6427","K","Connor","","Barth","6","9","4500","CHI@NYG","CHI","NYG","","","",""
"16937-32703","WR","Jakeem","","Grant","0.5","8","4500","MIA@LA","MIA","LA","","","",""
"16937-14292","TE","Jordan","","Cameron","5.333333333333333","3","4500","MIA@LA","MIA","LA","IR","Concussion","",""
"16937-23023","TE","Cooper","","Helfet","2.7857142857142856","7","4500","HOU@OAK","OAK","HOU","","","",""
"16937-14297","WR","Greg","","Salas","8.449999809265137","2","4500","BUF@CIN","BUF","CIN","","","",""
"16937-11890","WR","Bryan","","Walters","2.133333365122477","3","4500","JAC@DET","JAC","DET","Q","Concussion","",""
"16937-28408","WR","Kyle","","Prater","0","0","4500","NO@CAR","NO","CAR","","","",""
"16937-25135","WR","Marcus","","Leak","0","0","4500","TEN@IND","IND","TEN","","","",""
"16937-14274","TE","Rob","","Housler","1.0600000381469727","5","4500","CHI@NYG","CHI","NYG","","","",""
"16937-33218","TE","Bryce","","Williams","0","0","4500","MIA@LA","LA","MIA","","","",""
"16937-14277","WR","Vincent","","Brown","2.700000047683716","1","4500","NO@CAR","NO","CAR","","","",""
"16937-45723","TE","Crockett","","Gillmore","3.4200000762939453","5","4500","BAL@DAL","BAL","DAL","Q","Thigh","",""
"16937-43826","WR","Tommylee","","Lewis","1.9166666666666667","6","4500","NO@CAR","NO","CAR","","","",""
"16937-14327","RB","Anthony","","Sherman","0.6000000238418579","4","4500","TB@KC","KC","TB","","","",""
"16937-22991","RB","Jonathan","","Grimes","2.5333333015441895","3","4500","HOU@OAK","HOU","OAK","Q","Illness","",""
"16937-34224","TE","Kennard","","Backman","0","7","4500","NE@SF","NE","SF","","","",""
"16937-54280","WR","Duke","","Williams","0","0","4500","MIA@LA","LA","MIA","","","",""
"16937-23003","TE","Phillip","","Supernaw","2.049999952316284","4","4500","TEN@IND","TEN","IND","","","",""
"16937-14307","WR","Cecil","","Shorts III","2.25","4","4500","TB@KC","TB","KC","","","",""
"16937-14304","TE","Luke","","Stocker","1.7000000476837158","2","4500","TB@KC","TB","KC","","","",""
"16937-14305","RB","Roy","","Helu Jr.","2.737499952316284","8","4500","HOU@OAK","OAK","HOU","","","",""
"16937-29477","TE","Connor","","Hamlett","8.199999809265137","1","4500","PIT@CLE","CLE","PIT","","","",""
"16937-44893","RB","Roosevelt","","Nix","0.8666666348775228","3","4500","PIT@CLE","PIT","CLE","","","",""
"16937-14319","RB","Taiwan","","Jones","0.4749999940395355","4","4500","HOU@OAK","OAK","HOU","","","",""
"16937-6488","WR","Dwayne","","Bowe","1.1142857415335519","7","4500","PIT@CLE","CLE","PIT","","","",""
"16937-32287","WR","Cayleb","","Jones","0","0","4500","PHI@SEA","PHI","SEA","","","",""
"16937-12872","RB","James","","Develin","0","1","4500","NE@SF","NE","SF","","","",""
"16937-38264","WR","Demarcus","","Robinson","0","0","4500","TB@KC","KC","TB","","","",""
"16937-31321","RB","Jay","","Prosch","0.4333333174387614","3","4500","HOU@OAK","HOU","OAK","","","",""
"16937-10030","WR","Harry","","Douglas","3.9666665395100913","3","4500","TEN@IND","TEN","IND","","","",""
"16937-29404","RB","Byron","","Marshall","0","0","4500","PHI@SEA","PHI","SEA","","","",""
"16937-31308","WR","Quan","","Bray","0.9666666984558105","6","4500","TEN@IND","IND","TEN","IR","Ankle","",""
"16937-12903","WR","Andrew","","Hawkins","5.3700000762939455","10","4500","PIT@CLE","CLE","PIT","","","",""
"16937-54742","TE","Scott","","Simonson","1.5","1","4500","NO@CAR","CAR","NO","","","",""
"16937-32807","TE","Anthony","","Denham","0","0","4500","PHI@SEA","PHI","SEA","","","",""
"16937-32309","TE","M.J.","","McFarland","0","0","4500","PHI@SEA","PHI","SEA","","","",""
"16937-25554","RB","Nikita","","Whitlock","0","14","4500","CHI@NYG","NYG","CHI","O","Suspension","",""
"16937-31329","WR","Russell","","Shepard","6.040000152587891","5","4500","TB@KC","TB","KC","Q","Hip","",""
"16937-55577","WR","Hunter","","Sharp","0","0","4500","PHI@SEA","PHI","SEA","","","",""
"16937-28437","TE","Danny","","Vitale","0","0","4500","PIT@CLE","CLE","PIT","","","",""
"16937-37245","RB","Fozzy","","Whittaker","5.255555470784505","9","4500","NO@CAR","CAR","NO","","","",""
"16937-28525","WR","Braxton","","Miller","1.5","7","4500","HOU@OAK","HOU","OAK","","","",""
"16937-26610","WR","Paul","","Richardson","2.9749999046325684","8","4500","PHI@SEA","SEA","PHI","","","",""
"16937-44784","RB","Darius","","Jackson","0","0","4500","BAL@DAL","DAL","BAL","","","",""
"16937-30412","WR","Tavarres","","King","0","1","4500","CHI@NYG","NYG","CHI","","","",""
"16937-31263","WR","Ricardo","","Louis","3.2874999046325684","8","4500","PIT@CLE","CLE","PIT","","","",""
"16937-44791","RB","Bronson","","Hill","0","0","4500","JAC@DET","JAC","DET","","","",""
"16937-31261","RB","Tre","","Mason","3.269230769230769","13","4500","MIA@LA","LA","MIA","O","Personal","",""
"16937-26598","WR","Nelson","","Spruce","0","0","4500","MIA@LA","LA","MIA","Q","Calf","",""
"16937-39411","TE","Gavin","","Escobar","6.699999809265137","1","4500","BAL@DAL","DAL","BAL","","","",""
"16937-29340","WR","Josh","","Huff","3.8142858232770647","7","4500","TB@KC","TB","KC","","","",""
"16937-54694","TE","Justin","","Perillo","1.375","4","4500","GB@WAS","GB","WAS","","","",""
"16937-30428","WR","Malcolm","","Mitchell","2.1666666666666665","6","4500","NE@SF","NE","SF","","","",""
"16937-16078","TE","Ross","","Travis","0.75","4","4500","TB@KC","KC","TB","","","",""
"16937-54690","WR","Freddie","","Martino","4.066666603088379","3","4500","TB@KC","TB","KC","","","",""
"16937-31280","K","Cody","","Parkey","6.5","8","4500","PIT@CLE","CLE","PIT","","","",""
"16937-39373","WR","Jaelen","","Strong","3.3500000635782876","6","4500","HOU@OAK","HOU","OAK","O","Ankle","",""
"16937-27403","TE","Blake","","Bell","0.6666666666666666","3","4500","NE@SF","SF","NE","","","",""
"16937-29351","WR","De'Anthony","","Thomas","1.2000000476837158","4","4500","TB@KC","KC","TB","","","",""
"16937-33840","WR","Keyarris","","Garrett","0","0","4500","NO@CAR","CAR","NO","","","",""
"16937-31269","RB","Corey","","Grant","2","4","4500","JAC@DET","JAC","DET","","","",""
"16937-54659","WR","Tony","","Washington","0.800000011920929","1","4500","JAC@DET","JAC","DET","","","",""
"16937-25463","WR","Canaan","","Severin","0","0","4500","PIT@CLE","PIT","CLE","IR","Undisclosed","",""
"16937-32410","RB","Trey","","Williams","1.2000000476837158","1","4500","TEN@IND","IND","TEN","","","",""
"16937-26411","TE","Ryan","","Malleck","0","0","4500","CHI@NYG","NYG","CHI","","","",""
"16937-34014","WR","Aaron","","Dobson","3.433333396911621","6","4500","JAC@DET","DET","JAC","","","",""
"16937-31435","TE","Nic","","Jacobs","0.36666667461395264","3","4500","BAL@DAL","BAL","DAL","","","",""
"16937-47953","WR","Lucky","","Whitehead","1.2777777777777777","9","4500","BAL@DAL","DAL","BAL","","","",""
"16937-29277","TE","Stephen","","Anderson","3.279999923706055","5","4500","HOU@OAK","HOU","OAK","","","",""
"16937-30228","WR","Tyler","","Murphy","2.0999999046325684","1","4500","MIA@LA","MIA","LA","","","",""
"16937-28545","RB","Rod","","Smith","0.44999998807907104","2","4500","BAL@DAL","DAL","BAL","","","",""
"16937-70335","TE","Seth","","DeValve","5","2","4500","PIT@CLE","CLE","PIT","","","",""
"16937-53532","WR","Roger","","Lewis","6.533333460489909","3","4500","CHI@NYG","NYG","CHI","","","",""
"16937-54612","RB","Lorenzo","","Taliaferro","2.5","1","4500","BAL@DAL","BAL","DAL","","","",""
"16937-55694","WR","Mike","","Thomas","0","3","4500","MIA@LA","LA","MIA","","","",""
"16937-54621","WR","Walt","","Powell","3.433333396911621","6","4500","BUF@CIN","BUF","CIN","","","",""
"16937-29290","WR","Bryce","","Treggs","7.900000095367432","1","4500","PHI@SEA","PHI","SEA","","","",""
"16937-7244","RB","John","","Kuhn","4.828571319580078","7","4500","NO@CAR","NO","CAR","","","",""
"16937-28562","TE","Jake","","Stoneburner","6.400000254313151","3","4500","NO@CAR","NO","CAR","","","",""
"16937-12055","TE","Logan","","Paulsen","0.6","5","4500","CHI@NYG","CHI","NYG","","","",""
"16937-28570","TE","Nick","","Vannett","0.6000000238418579","2","4500","PHI@SEA","SEA","PHI","","","",""
"16937-29304","RB","Daniel","","Lasco","1.7666667302449544","3","4500","NO@CAR","NO","CAR","Q","Hamstring","",""
"16937-30261","K","Caleb","","Sturgis","10.666666666666666","9","4500","PHI@SEA","PHI","SEA","","","",""
"16937-21547","RB","Will","","Johnson","2.2600000381469725","5","4500","CHI@NYG","NYG","CHI","IR","Shoulder","",""
"16937-72262","TE","Nick","","Truesdell","0","0","4500","TEN@IND","IND","TEN","","","",""
"16937-31378","WR","Kadron","","Boone","0","0","4500","CHI@NYG","NYG","CHI","","","",""
"16937-22774","RB","Jonas","","Gray","4.100000108991351","7","4500","JAC@DET","JAC","DET","","","",""
"16937-22767","WR","Brian","","Tyms","0","0","4500","TEN@IND","IND","TEN","","","",""
"16937-30297","TE","Trey","","Burton","3.8000000544956754","7","4500","PHI@SEA","PHI","SEA","","","",""
"16937-22754","TE","Garrett","","Celek","4.214285714285714","7","4500","NE@SF","SF","NE","","","",""
"16937-70342","TE","Temarrick","","Hemingway","0","0","4500","MIA@LA","LA","MIA","","","",""
"16937-31417","WR","James","","Wright","0.8399999618530274","5","4500","BUF@CIN","CIN","BUF","NA","Hamstring","",""
"16937-22746","WR","Kashif","","Moore","0","0","4500","TB@KC","KC","TB","","","",""
"16937-46001","RB","Joey","","Iosefa","2.549999952316284","2","4500","NE@SF","NE","SF","","","",""
"16937-38301","TE","Darren","","Fells","2.6500000953674316","4","4500","ARI@MIN","ARI","MIN","","","",""
"16937-30307","RB","Mack","","Brown","0","0","4500","GB@WAS","WAS","GB","","","",""
"16937-33978","RB","Devon","","Johnson","0","0","4500","NO@CAR","CAR","NO","IR","Undisclosed","",""
"16937-29237","WR","Chris","","Harper","0","1","4500","NE@SF","SF","NE","","","",""
"16937-32483","WR","Josh","","Boyce","0","0","4500","PIT@CLE","CLE","PIT","","","",""
"16937-30326","RB","Keith","","Marshall","0","0","4500","GB@WAS","WAS","GB","IR","Elbow","",""
"16937-25356","TE","Benson","","Browne","0","0","4500","MIA@LA","LA","MIA","","","",""
"16937-70373","TE","Mike","","Miller","0","0","4500","TEN@IND","IND","TEN","","","",""
"16937-70372","WR","Chester","","Rogers","3.0142857687813893","7","4500","TEN@IND","IND","TEN","","","",""
"16937-61666","WR","Jared","","Dangerfield","0","0","4500","NO@CAR","NO","CAR","","","",""
"16937-40669","WR","Tyler","","Boyd","4.887499809265137","8","4500","BUF@CIN","CIN","BUF","","","",""
"16937-29183","RB","D.J.","","Foster","1.0333333015441895","3","4500","NE@SF","NE","SF","","","",""
"16937-62633","TE","Matt","","Lengel","0","0","4500","NE@SF","NE","SF","","","",""
"16937-27672","TE","Matt","","LaCosse","3.700000047683716","1","4500","CHI@NYG","NYG","CHI","IR","Knee","",""
"16937-62628","WR","DeAndre","","Carter","0","0","4500","NE@SF","NE","SF","","","",""
"16937-25751","TE","Chris","","Pantale","0","0","4500","PHI@SEA","PHI","SEA","","","",""
"16937-33571","RB","George","","Atkinson III","0","6","4500","PIT@CLE","CLE","PIT","","","",""
"16937-62600","WR","Joshua","","Stangby","0","0","4500","TEN@IND","IND","TEN","","","",""
"16937-39615","TE","Brandon","","Williams","2.0999999046325684","1","4500","PHI@SEA","SEA","PHI","","","",""
"16937-30108","WR","Marquess","","Wilson","6.0363637750799","11","4500","CHI@NYG","CHI","NYG","NA","Foot","",""
"16937-25775","TE","Clive","","Walford","4.550000190734863","8","4500","HOU@OAK","OAK","HOU","","","",""
"16937-32000","TE","Luke","","Willson","1.6","5","4500","PHI@SEA","SEA","PHI","Q","Knee","",""
"16937-38509","RB","Wendell","","Smallwood","4.050000190734863","8","4500","PHI@SEA","PHI","SEA","","","",""
"16937-62623","RB","John","","Crockett","1.0499999523162842","2","4500","GB@WAS","GB","WAS","IR","Shoulder","",""
"16937-38514","WR","Kevin","","White","7.275000095367432","4","4500","CHI@NYG","CHI","NYG","IR","Lower leg","",""
"16937-27692","RB","Josh","","Ferguson","3.049999952316284","8","4500","TEN@IND","IND","TEN","","","",""
"16937-62619","K","Andrew","","Franks","6.555555555555555","9","4500","MIA@LA","MIA","LA","","","",""
"16937-62617","TE","Khari","","Lee","0","1","4500","JAC@DET","DET","JAC","","","",""
"16937-11431","TE","Jermaine","","Gresham","2.422222137451172","9","4500","ARI@MIN","ARI","MIN","","","",""
"16937-62616","RB","Zach","","Zenner","5.3799999237060545","5","4500","JAC@DET","DET","JAC","","","",""
"16937-38523","TE","Geoff","","Swaim","1.6499999364217122","6","4500","BAL@DAL","DAL","BAL","Q","Pectoral","",""
"16937-24817","TE","Nick","","O'Leary","2.4833332697550454","6","4500","BUF@CIN","BUF","CIN","","","",""
"16937-25789","WR","Rashawn","","Scott","0","0","4500","MIA@LA","MIA","LA","","","",""
"16937-31015","WR","DeAndrew","","White","1.399999976158142","2","4500","NE@SF","NE","SF","","","",""
"16937-48380","K","Wil","","Lutz","9","9","4500","NO@CAR","NO","CAR","","","",""
"16937-14761","WR","Andre","","Holmes","3","8","4500","HOU@OAK","OAK","HOU","","","",""
"16937-11457","WR","Arrelious","","Benn","2.512500047683716","8","4500","JAC@DET","JAC","DET","","","",""
"16937-24720","TE","Braxton","","Deaver","0","0","4500","NO@CAR","CAR","NO","","","",""
"16937-29084","WR","Rashad","","Ross","0.6499999761581421","2","4500","GB@WAS","WAS","GB","","","",""
"16937-11511","TE","Tony","","Moeaki","4.433333396911621","3","4500","CHI@NYG","CHI","NYG","","","",""
"16937-11504","WR","Andre","","Roberts","2.5111111534966364","9","4500","JAC@DET","DET","JAC","","","",""
"16937-62668","TE","John","","Peters","0","0","4500","BUF@CIN","CIN","BUF","","","",""
"16937-30989","RB","Kenyan","","Drake","4.516666730244954","6","4500","MIA@LA","MIA","LA","","","",""
"16937-30990","RB","Jalston","","Fowler","1.899999976158142","1","4500","TEN@IND","TEN","IND","","","",""
"16937-39678","TE","E.J.","","Bibbs","0.6000000238418579","2","4500","PIT@CLE","CLE","PIT","","","",""
"16937-8117","WR","Danny","","Amendola","4.977777693006727","9","4500","NE@SF","NE","SF","","","",""
"16937-62680","WR","Donteea","","Dye","2.470000076293945","10","4500","TB@KC","TB","KC","","","",""
"16937-39649","RB","Benny","","Cunningham","3.0875000953674316","8","4500","MIA@LA","LA","MIA","","","",""
"16937-11488","TE","Ed","","Dickson","3.5166667302449546","6","4500","NO@CAR","CAR","NO","Q","Calf","",""
"16937-26657","RB","Christian","","Powell","0","0","4500","PIT@CLE","PIT","CLE","","","",""
"16937-15838","TE","Erik","","Swoope","4.125","4","4500","TEN@IND","IND","TEN","","","",""
"16937-12556","D","Houston","","Texans","6.333333333333333","9","4500","HOU@OAK","HOU","OAK","","","",""
"16937-23435","TE","Andrew","","DePaola","0","16","4500","TB@KC","TB","KC","","","",""
"16937-30012","WR","Kevin","","Smith","1.933333396911621","3","4500","PHI@SEA","SEA","PHI","","","",""
"16937-39455","RB","Kerwynn","","Williams","3.4666665395100913","6","4500","ARI@MIN","ARI","MIN","","","",""
"16937-62508","TE","James","","O'Shaughnessy","0.5","1","4500","TB@KC","KC","TB","","","",""
"16937-62505","TE","MyCole","","Pruitt","1.2000000476837158","1","4500","ARI@MIN","MIN","ARI","","","",""
"16937-31207","TE","C.J.","","Uzomah","4.633333206176758","6","4500","BUF@CIN","CIN","BUF","","","",""
"16937-33703","WR","Ryan","","Grant","0.5999999727521624","7","4500","GB@WAS","WAS","GB","","","",""
"16937-62515","TE","Neal","","Sterling","1.5","1","4500","JAC@DET","JAC","DET","","","",""
"16937-29991","RB","Bishop","","Sankey","4.183333396911621","12","4500","TB@KC","KC","TB","","","",""
"16937-39428","RB","Kyle","","Juszczyk","2.9444444444444446","9","4500","BAL@DAL","BAL","DAL","","","",""
"16937-32185","RB","Zach","","Line","0.32499998807907104","4","4500","ARI@MIN","MIN","ARI","","","",""
"16937-22336","WR","Joshua","","Bellamy","1.2833333015441895","6","4500","CHI@NYG","CHI","NYG","","","",""
"16937-10354","RB","Marcel","","Reece","4.233333333333333","15","4500","HOU@OAK","OAK","HOU","","","",""
"16937-24679","RB","Zac","","Brooks","0","0","4500","TB@KC","KC","TB","","","",""
"16937-24682","RB","Andre","","Ellington","1.2666666242811415","9","4500","ARI@MIN","ARI","MIN","","","",""
"16937-33691","RB","Orleans","","Darkwa","6.324999809265137","4","4500","CHI@NYG","NYG","CHI","","","",""
"16937-38651","TE","Beau","","Sandland","0","0","4500","GB@WAS","GB","WAS","","","",""
"16937-18009","TE","Chris","","Manhertz","0","0","4500","NO@CAR","CAR","NO","","","",""
"16937-31184","RB","Jonathan","","Williams","1.875","4","4500","BUF@CIN","BUF","CIN","","","",""
"16937-29003","RB","Ka'Deem","","Carey","2.4571429661342075","7","4500","CHI@NYG","CHI","NYG","","","",""
"16937-24569","K","Chandler","","Catanzaro","6.555555555555555","9","4500","ARI@MIN","ARI","MIN","","","",""
"16937-31191","WR","Mekale","","McKay","0","0","4500","TEN@IND","IND","TEN","","","",""
"16937-39512","RB","Kendall","","Gaskins","3.674999952316284","4","4500","NE@SF","SF","NE","","","",""
"16937-32234","RB","Malcolm","","Brown","1.6999999682108562","3","4500","MIA@LA","LA","MIA","","","",""
"16937-24589","WR","Jaron","","Brown","5.033333460489909","6","4500","ARI@MIN","ARI","MIN","IR","Knee","",""
"16937-22292","RB","Lance","","Dunbar","3","5","4500","BAL@DAL","DAL","BAL","","","",""
"16937-34729","RB","Dwayne","","Washington","3.540000152587891","5","4500","JAC@DET","DET","JAC","","","",""
"16937-48224","TE","Wes","","Saxton","0","1","4500","GB@WAS","WAS","GB","","","",""
"16937-31157","WR","Cobi","","Hamilton","5.025000095367432","4","4500","PIT@CLE","PIT","CLE","","","",""
"16937-39492","TE","Josh","","Hill","3.4400001525878907","5","4500","NO@CAR","NO","CAR","","","",""
"16937-7953","WR","Vincent","","Jackson","4.959999847412109","5","4500","TB@KC","TB","KC","IR","Knee","",""
"16937-9442","WR","Brandon","","Tate","1.0750000476837158","8","4500","BUF@CIN","BUF","CIN","Q","Concussion","",""
"16937-7975","RB","Mike","","Tolbert","0.9666666454739041","9","4500","NO@CAR","CAR","NO","","","",""
"16937-28933","WR","Jared","","Abbrederis","0.6499999761581421","2","4500","GB@WAS","GB","WAS","","","",""
"16937-62544","RB","Brandon","","Wegher","0","1","4500","NO@CAR","CAR","NO","","","",""
"16937-22317","WR","Brenton","","Bersin","2.8799999237060545","5","4500","NO@CAR","CAR","NO","","","",""
"16937-33733","WR","Xavier","","Rush","0","0","4500","PHI@SEA","PHI","SEA","","","",""
"16937-11648","TE","Jim","","Dray","1.0111111534966364","9","4500","BUF@CIN","BUF","CIN","","","",""
"16937-28907","WR","Alex","","Erickson","0.3125","8","4500","BUF@CIN","CIN","BUF","","","",""
"16937-25052","RB","Zach","","Laskey","0","0","4500","MIA@LA","LA","MIA","IR","Undisclosed","",""
"16937-6810","K","Dan","","Carpenter","6.777777777777778","9","4500","BUF@CIN","BUF","CIN","","","",""
"16937-10695","RB","Darrel","","Young","0.6888888676961263","9","4500","CHI@NYG","CHI","NYG","","","",""
"16937-21123","TE","Larry","","Donnell","4.1400001525878904","5","4500","CHI@NYG","NYG","CHI","","","",""
"16937-29866","RB","Paul","","Perkins","4.720000076293945","5","4500","CHI@NYG","NYG","CHI","","","",""
"16937-57556","TE","Jerome","","Cunningham","1.6499999364217122","6","4500","TEN@IND","TEN","IND","","","",""
"16937-23046","RB","Jamize","","Olawale","3.674999952316284","8","4500","HOU@OAK","OAK","HOU","","","",""
"16937-40913","TE","Thomas","","Duarte","0","0","4500","MIA@LA","MIA","LA","","","",""
"16937-29830","WR","Shaq","","Evans","0","0","4500","NE@SF","NE","SF","","","",""
"16937-26038","TE","Tyler","","Kroft","2.839999961853027","5","4500","BUF@CIN","CIN","BUF","","","",""
"16937-22244","TE","Beau","","Brinkley","0","16","4500","TEN@IND","TEN","IND","","","",""
"16937-30807","TE","Mychal","","Rivera","3.3400001525878906","5","4500","HOU@OAK","OAK","HOU","","","",""
"16937-43260","TE","Darion","","Griswold","0","0","4500","TEN@IND","IND","TEN","","","",""
"16937-26045","WR","Leonte","","Carroo","0.8000000317891439","3","4500","MIA@LA","MIA","LA","","","",""
"16937-40932","WR","Pharoh","","Cooper","0.6333333253860474","3","4500","MIA@LA","LA","MIA","","","",""
"16937-29854","TE","Kevin","","McDermott","0","16","4500","ARI@MIN","MIN","ARI","","","",""
"16937-6823","TE","John","","Phillips","4.166666666666667","3","4500","NO@CAR","NO","CAR","","","",""
"16937-31748","WR","Levi","","Norwood","0","0","4500","PIT@CLE","PIT","CLE","","","",""
"16937-40843","RB","Alex","","Collins","2.0333333015441895","6","4500","PHI@SEA","SEA","PHI","","","",""
"16937-26076","RB","Sam","","Bergen","0","0","4500","TEN@IND","TEN","IND","","","",""
"16937-27974","WR","Tevaun","","Smith","0","0","4500","TEN@IND","IND","TEN","","","",""
"16937-6870","TE","Vernon","","Davis","7.900000095367432","8","4500","GB@WAS","WAS","GB","","","",""
"16937-33403","WR","Tevin","","Jones","0","0","4500","HOU@OAK","HOU","OAK","","","",""
"16937-6857","RB","Justin","","Forsett","5.040000152587891","5","4500","JAC@DET","DET","JAC","","","",""
"16937-26057","RB","Michael","","Burton","0","1","4500","JAC@DET","DET","JAC","","","",""
"16937-28815","RB","Akeem","","Hunt","5.800000190734863","1","4500","HOU@OAK","HOU","OAK","","","",""
"16937-6904","WR","Devin","","Hester","-0.25","8","4500","BAL@DAL","BAL","DAL","","","",""
"16937-6910","K","Robbie","","Gould","4.5","2","4500","CHI@NYG","NYG","CHI","","","",""
"16937-45343","WR","Daniel","","Braverman","0","0","4500","CHI@NYG","CHI","NYG","","","",""
"16937-7856","WR","Matthew","","Slater","0.16666666666666666","3","4500","NE@SF","NE","SF","","","",""
"16937-28807","TE","Gabe","","Holmes","0","0","4500","HOU@OAK","OAK","HOU","IR","Ankle","",""
"16937-25011","TE","Darren","","Waller","5.550000190734863","2","4500","BAL@DAL","BAL","DAL","","","",""
"16937-22188","RB","Daryl","","Richardson","0.3499999940395355","2","4500","PIT@CLE","PIT","CLE","","","",""
"16937-12305","RB","Will","","Tukuafu","0","1","4500","PHI@SEA","SEA","PHI","","","",""
"16937-22198","WR","Brittan","","Golden","0.9750000238418579","4","4500","ARI@MIN","ARI","MIN","","","",""
"16937-28030","RB","Fitzgerald","","Toussaint","0.40000001589457196","6","4500","PIT@CLE","PIT","CLE","","","",""
"16937-28021","RB","Sione","","Houma","0","0","4500","NO@CAR","NO","CAR","","","",""
"16937-25886","WR","Devin","","Street","1.25","2","4500","TEN@IND","IND","TEN","","","",""
"16937-6672","TE","Marcedes","","Lewis","3.3666665818956165","9","4500","JAC@DET","JAC","DET","","","",""
"16937-7761","TE","Jared","","Cook","2.7666667302449546","3","4500","GB@WAS","GB","WAS","Q","Ankle","",""
"16937-11522","WR","Marcus","","Easley","4.100000063578288","3","4500","BUF@CIN","BUF","CIN","NA","Kneecap","",""
"16937-45562","RB","Paul","","Lasike","0.36666667461395264","3","4500","CHI@NYG","CHI","NYG","","","",""
"16937-12540","D","Minnesota","","Vikings","11.11111111111111","9","4500","ARI@MIN","MIN","ARI","","","",""
"16937-6660","RB","Donald","","Brown","6.950000127156575","6","4500","NE@SF","NE","SF","","","",""
"16937-22109","K","Greg","","Zuerlein","7.5","8","4500","MIA@LA","LA","MIA","","","",""
"16937-22110","K","Blair","","Walsh","6.333333333333333","9","4500","ARI@MIN","MIN","ARI","","","",""
"16937-12528","D","Cincinnati","","Bengals","5.25","8","4500","BUF@CIN","CIN","BUF","","","",""
"16937-11543","TE","Clay","","Harbor","1.7000000476837158","2","4500","JAC@DET","DET","JAC","","","",""
"16937-12530","D","Dallas","","Cowboys","5.222222222222222","9","4500","BAL@DAL","DAL","BAL","","","",""
"16937-11562","TE","Andrew","","Quarless","1.6999999682108562","3","4500","JAC@DET","DET","JAC","","","",""
"16937-7801","TE","Brandon","","Myers","2.5799999237060547","5","4500","TB@KC","TB","KC","","","",""
"16937-7806","RB","Darren","","McFadden","10.981249809265137","16","4500","BAL@DAL","DAL","BAL","O","Elbow","",""
"16937-22123","TE","James","","Hanna","1.5499999523162842","8","4500","BAL@DAL","DAL","BAL","NA","Knee","",""
"16937-19342","TE","Demetrius","","Harris","1.4444444444444444","9","4500","TB@KC","KC","TB","","","",""
"16937-28744","RB","Raheem","","Mostert","-0.25","8","4500","CHI@NYG","CHI","NYG","","","",""
"16937-11556","TE","Michael","","Hoomanawanui","2.910000038146973","10","4500","NO@CAR","NO","CAR","IR","Lower leg","",""
"16937-33418","TE","Alan","","Cross","0.3333333333333333","3","4500","TB@KC","TB","KC","","","",""
"16937-14406","RB","Bruce","","Miller","2.589999961853027","10","4500","NE@SF","SF","NE","","","",""
"16937-33424","WR","Mose","","Frazier","0","0","4500","NE@SF","SF","NE","","","",""
"16937-29723","RB","Stepfan","","Taylor","0.6000000238418579","2","4500","ARI@MIN","ARI","MIN","","","",""
"16937-6702","K","Phil","","Dawson","7.444444444444445","9","4500","NE@SF","SF","NE","","","",""
"16937-28088","RB","Denard","","Robinson","1.2999999523162842","2","4500","JAC@DET","JAC","DET","","","",""
"16937-27020","RB","Glenn","","Gronkowski","0","0","4500","NE@SF","NE","SF","","","",""
"16937-29805","RB","Ryan","","Hewitt","1.5444444020589192","9","4500","BUF@CIN","CIN","BUF","","","",""
"16937-48482","TE","David","","Morgan","0","0","4500","ARI@MIN","MIN","ARI","","","",""
"16937-6742","TE","Brent","","Celek","2.3600000381469726","5","4500","PHI@SEA","PHI","SEA","","","",""
"16937-7706","TE","Chase","","Coffman","8.550000190734863","2","4500","TEN@IND","IND","TEN","","","",""
"16937-57348","RB","Glenn","","Winston","-2.799999952316284","1","4500","PIT@CLE","CLE","PIT","IR","Shoulder","",""
"16937-24862","WR","Rashad","","Greene Sr.","0.6166666746139526","6","4500","JAC@DET","JAC","DET","","","",""
"16937-14369","RB","Jordan","","Todman","1","6","4500","TEN@IND","IND","TEN","","","",""
"16937-45472","TE","Garrett","","Griffin","0","0","4500","NO@CAR","NO","CAR","","","",""
"16937-29821","WR","Jordan","","Payton","0.4000000059604645","2","4500","PIT@CLE","CLE","PIT","","","",""
"16937-28721","RB","Brandon","","Cottom","0","0","4500","PHI@SEA","SEA","PHI","IR","Achilles","",""
"16937-22047","TE","Ladarius","","Green","4.5","1","4500","PIT@CLE","PIT","CLE","","","",""
"16937-33531","TE","Ben","","Koyack","5.800000190734863","2","4500","JAC@DET","JAC","DET","","","",""
"16937-22034","WR","Chris","","Givens","3.7928570338657925","14","4500","PHI@SEA","PHI","SEA","","","",""
"16937-24847","TE","Will","","Tye","3.6500000953674316","8","4500","CHI@NYG","NYG","CHI","","","",""
"16937-28735","WR","Daniel","","Anthrop","0","0","4500","TEN@IND","IND","TEN","","","",""
"16937-6732","RB","DeAngelo","","Williams","9.742856706891741","7","4500","PIT@CLE","PIT","CLE","O","Knee","",""
"16937-28126","TE","Paul","","Lang","0","0","4500","PIT@CLE","PIT","CLE","","","",""
"16937-33473","WR","Chris","","Brown","0","0","4500","BAL@DAL","DAL","BAL","","","",""
"16937-28131","WR","Keith","","Mumphery","1.4214285441807337","14","4500","HOU@OAK","HOU","OAK","","","",""
"16937-14355","TE","Niles","","Paul","1.850000023841858","2","4500","GB@WAS","WAS","GB","IR","Shoulder","",""
"16937-29768","RB","Patrick","","Skov","0","0","4500","PIT@CLE","CLE","PIT","","","",""
"16937-14358","WR","Dwayne","","Harris","-0.25","8","4500","CHI@NYG","NYG","CHI","","","",""
"16937-22063","WR","Keshawn","","Martin","-2","1","4500","NE@SF","SF","NE","","","",""
"16937-24882","K","Roberto","","Aguayo","5.333333333333333","9","4500","TB@KC","TB","KC","","","",""
"16937-6778","TE","Anthony","","Fasano","2.914285659790039","7","4500","TEN@IND","TEN","IND","","","",""
"16937-22051","TE","Orson","","Charles","0","0","4500","JAC@DET","DET","JAC","","","",""
"16937-22048","RB","Robert","","Turbin","4.199999809265137","8","4500","TEN@IND","IND","TEN","","","",""
"16937-22054","WR","Jarius","","Wright","3.299999952316284","2","4500","ARI@MIN","MIN","ARI","","","",""
"16937-33488","TE","Troy","","Niklas","0.25","2","4500","ARI@MIN","ARI","MIN","IR","Wrist","",""
"16937-28144","TE","Dion","","Sims","2.2333332697550454","6","4500","MIA@LA","MIA","LA","","","",""
"16937-7718","RB","Cedric","","Peerman","0","4","4500","BUF@CIN","CIN","BUF","IR","Elbow","",""
"16937-22065","TE","Rhett","","Ellison","2.950000047683716","4","4500","ARI@MIN","MIN","ARI","","","",""
"16937-11635","WR","Marc","","Mariani","0","10","4500","TEN@IND","TEN","IND","","","",""
"16937-6767","K","Ryan","","Succop","7.3","10","4500","TEN@IND","TEN","IND","","","",""
"16937-14348","TE","Lee","","Smith","1.9666666984558105","3","4500","HOU@OAK","OAK","HOU","IR","Ankle","",""
"16937-12553","D","Carolina","","Panthers","7.666666666666667","9","4400","NO@CAR","CAR","NO","","","",""
"16937-12555","D","Baltimore","","Ravens","10.222222222222221","9","4400","BAL@DAL","BAL","DAL","","","",""
"16937-12537","D","Oakland","","Raiders","4.777777777777778","9","4400","HOU@OAK","OAK","HOU","","","",""
"16937-12545","D","Philadelphia","","Eagles","10.777777777777779","9","4300","PHI@SEA","PHI","SEA","","","",""
"16937-12552","D","Washington","","Redskins","6.888888888888889","9","4300","GB@WAS","WAS","GB","","","",""
"16937-12526","D","Buffalo","","Bills","9","9","4300","BUF@CIN","BUF","CIN","","","",""
"16937-12533","D","Green Bay","","Packers","5.111111111111111","9","4200","GB@WAS","GB","WAS","","","",""
"16937-12534","D","Tennessee","","Titans","5.9","10","4200","TEN@IND","TEN","IND","","","",""
"16937-12551","D","Tampa Bay","","Buccaneers","7.111111111111111","9","4100","TB@KC","TB","KC","","","",""
"16937-12527","D","Chicago","","Bears","6.555555555555555","9","4100","CHI@NYG","CHI","NYG","","","",""
"16937-12549","D","San Francisco","","49ers","4.444444444444445","9","4000","NE@SF","SF","NE","","","",""
"16937-12554","D","Jacksonville","","Jaguars","2.3333333333333335","9","4000","JAC@DET","JAC","DET","","","",""
"16937-12542","D","New Orleans","","Saints","4.333333333333333","9","4000","NO@CAR","NO","CAR","","","",""
"16937-12535","D","Indianapolis","","Colts","4.666666666666667","9","4000","TEN@IND","IND","TEN","","","",""
"16937-12529","D","Cleveland","","Browns","3.1","10","4000","PIT@CLE","CLE","PIT","","","",""